<RSAKeyValue><Modulus>01pFvYTLg9GwjP+7XyYR8dpHVckelZVHQm9VGxL0cOuCi+jhZaLt6oj4wp9vNpaVFPVO9KBC7Wa68rgCku69ya7rDHRpUedfS4VlaCrnUajTsxoVqNgzE8xtsWzE1Ep++m3FWAlq3f7paG0rqfKTqAeXlhL0ghRKf/bVDBkrPzc=</Modulus><Exponent>AQAB</Exponent><P>6QkgSOPjJI5hghGD9zGpAzsfHTVsa+jUclaMHDOHmVAfIm11qkRfF32Nv2fmfwndqBlqX4+uirk//hBfJrwhzQ==</P><Q>6C4kFDA/+TAs98KvhQ9qNPdrfAjo9sEhcmXXDx9yfNwKHYVhKZuVlKoqNOLO+qmbE03XkrdY1JXxXGZHXy6xEw==</Q><DP>X8LLTIixB42mzh9KfmMe0+AQqh0Q/8r+ujmMe+5E86B0Gt6mMqDD/tAuVpBorJ2uQ2ymRLyzefgkLtAlebJnpQ==</DP><DQ>Q302C5BC6EIysAotTvY+HwtUeQd2AFP/Tut/aevwMY8ceZxNs/R/tGkKP7k2BPLMGv5jjUgyUAkN0ZgBYw+FdQ==</DQ><InverseQ>kVFqCowDLI8fKj3lcjwZSJl4z2YP4j1Dm0+8lA7K1RHt4G71v2WoZfuiiBFeP1rLKc4kev844sNSCCyT5IzJMA==</InverseQ><D>Q0EiGR0lP8SdqDiGcNAl/K6HbaJqo5HVk6vmyo89DqO6rnfEJbnzeGLuucvPMXE4bmtjHQ/UTEQY8DyiwQvMg0mmuGDIX/OUPSPtqHR8/TiM590b5/hqUgRU1QCZUKS+x8aLikc19Wo6rUPB3bmLKTHW3SZq3bWylIDIvwzc/r0=</D></RSAKeyValue>